Gol,Başarılı Top Sürme,Başarılı Top Sürme %,Toplam Şut,İsabetli Şut,Yaratılan Büyük Şans,İsabetli Pas,İsabetli Pas %,Kilit Pas,İsabetli Orta,İsabetli Uzun Top,Top Çalma,Pas Arası,Zeminde Kazanılan İkili Mücadele,Kazanılan Hava Topu Mücadelesi,Kazanılan Toplam İkili Mücadele %,Kendisine Yapılan Faul,player.name,player.slug,team.name,team.shortName
0.54,1.31,47.83,1.85,1.07,0.36,29.86,79.37,2.15,1.07,1.61,1.37,1.02,4.6,1.13,50.0,2.09,İrfan Can Kahveci,irfan-can-kahveci,Fenerbahçe,
0.51,1.63,36.36,3.25,1.22,0.51,24.31,82.99,1.73,0.51,0.31,1.22,0.41,4.98,0.41,39.55,2.14,Mahmoud Trézéguet,mahmoud-trezeguet,Trabzonspor,
0.45,1.36,40.68,2.55,0.85,0.17,19.74,78.2,0.68,0.23,1.08,0.68,0.34,3.86,0.79,39.05,1.93,Dal Varešanović,dal-varesanovic,Çaykur Rizespor,
0.45,2.49,55.0,2.37,1.02,0.11,37.65,86.49,1.81,0.57,4.18,0.79,0.79,3.96,0.34,46.34,0.68,Alex Oxlade-Chamberlain,alex-oxlade-chamberlain,Beşiktaş,
0.44,0.56,73.68,2.7,1.07,0.08,36.77,81.86,1.15,0.56,2.19,1.83,0.64,3.42,1.43,57.28,1.23,Aytaç Kara,aytac-kara,Kasımpaşa,
0.42,0.98,43.75,2.9,1.03,0.61,20.23,66.11,3.04,1.73,1.59,0.93,0.47,2.85,0.56,41.01,0.93,Kerem Aktürkoğlu,kerem-akturkoglu,Galatasaray,
0.41,0.0,0.0,0.81,0.41,0.0,32.03,77.45,0.41,0.41,1.62,1.62,0.81,3.24,0.0,34.78,1.62,Rayane Aabid,rayane-aabid,Hatayspor,
0.39,1.45,57.89,2.5,1.18,0.26,37.18,78.39,1.84,1.71,3.94,0.79,0.39,4.2,0.13,41.77,1.97,Óscar Romero,oscar-romero,Pendikspor,
0.39,0.26,22.22,2.58,1.07,0.56,21.09,78.69,2.49,1.72,0.99,2.62,0.52,4.38,0.26,50.23,1.5,Sebastian Szymański,sebastian-szymanski,Fenerbahçe,
0.38,1.29,58.62,2.43,0.91,0.08,32.83,80.19,0.53,0.45,1.59,0.68,0.38,2.73,1.29,41.41,0.76,Olivier Ntcham,olivier-ntcham,Yılport Samsunspor,
0.36,0.67,35.48,2.55,0.85,0.0,12.0,66.44,0.79,0.12,0.42,0.61,0.12,2.0,1.64,37.27,0.73,Carlos Strandberg,carlos-strandberg,Hatayspor,
0.35,1.11,50.0,1.82,0.75,0.18,11.7,68.04,1.77,0.31,0.09,0.67,0.58,2.79,0.8,41.33,1.06,Mamadou Fall,mamadou-fall,Kasımpaşa,
0.34,1.25,45.83,2.83,1.47,0.11,23.35,77.15,1.47,1.02,1.13,1.02,0.0,3.97,1.13,40.54,1.93,Nani,nani,Adana Demirspor,
0.34,1.49,44.9,1.76,1.02,0.0,20.23,82.55,0.68,0.54,1.02,0.95,0.34,3.73,0.81,40.85,1.36,Louka Prip,prip-louka,Konyaspor,
0.33,1.09,54.05,2.02,0.55,0.33,32.16,81.04,1.69,0.27,1.36,0.93,0.22,2.89,0.22,46.72,0.87,Efkan Bekiroğlu,efkan-bekiroglu,MKE Ankaragücü,
0.32,0.45,41.18,2.71,0.77,0.32,13.66,69.06,0.97,0.13,0.32,0.71,0.06,2.32,2.9,49.69,1.35,Cenk Tosun,cenk-tosun,Beşiktaş,
0.32,1.28,80.0,2.87,0.96,0.0,12.77,54.05,0.32,0.64,0.32,0.96,0.96,3.19,1.6,45.45,0.96,Leandro Kappel,leandro-kappel,Pendikspor,
0.31,1.88,65.22,2.07,1.13,0.38,33.67,82.39,2.13,0.38,2.82,0.5,0.25,4.76,0.5,58.33,2.44,Samu Sáiz,samu-saiz,Sivasspor,
0.3,2.51,51.55,2.61,1.06,0.15,14.53,69.14,0.91,0.25,0.4,1.36,0.35,4.98,1.21,41.69,1.16,Aylton Boa Morte,aylton-boa-morte,Kayserispor,
0.29,1.37,58.33,2.26,1.18,0.29,25.52,78.79,1.18,0.98,1.57,1.57,0.69,3.34,0.39,41.3,0.39,Dimitrios Pelkas,dimitrios-pelkas,Başakşehir FK,
0.29,1.01,41.18,2.45,0.94,0.29,18.61,70.68,1.66,1.51,1.59,1.23,0.22,3.53,0.36,42.52,1.3,Milot Rashica,milot-rashica,Beşiktaş,
0.28,0.0,0.0,0.28,0.28,0.0,35.22,74.12,0.84,0.28,2.24,3.07,0.56,5.31,1.96,50.98,2.24,Stefano Sturaro,stefano-sturaro,Fatih Karagümrük,
0.27,0.55,57.14,2.79,0.82,0.27,41.49,82.97,1.7,0.61,3.41,1.84,0.41,4.02,0.61,52.71,1.7,Anastasios Bakasetas,anastasios-bakasetas,Trabzonspor,
0.26,0.92,63.64,1.18,0.53,0.13,20.76,76.7,1.45,0.66,2.76,0.53,0.79,1.71,0.13,45.16,0.26,Robert Murić,robert-muric,Konyaspor,
0.26,0.59,69.23,1.5,0.39,0.07,53.26,82.34,1.04,0.39,4.57,2.55,1.76,3.98,0.85,50.34,0.85,Tolga Ciğerci,tolga-cigerci,MKE Ankaragücü,
0.26,1.25,76.32,2.12,0.73,0.17,29.8,76.07,1.34,0.56,2.38,2.33,0.91,5.83,0.95,59.47,2.29,Emre Akbaba,emre-akbaba,Adana Demirspor,
0.25,1.25,51.72,2.0,0.92,0.25,26.97,79.17,2.25,0.33,1.34,1.5,0.5,3.67,0.58,44.35,0.92,Younès Belhanda,younes-belhanda,Adana Demirspor,
0.25,0.74,33.33,1.24,0.37,0.37,28.06,75.59,1.12,0.37,1.86,1.49,0.74,3.6,0.37,47.06,1.37,Carlos Mané,carlos-mane,Kayserispor,
0.24,0.61,40.0,3.84,1.52,0.61,26.71,77.52,2.62,1.83,1.46,1.34,0.61,3.11,0.24,39.29,1.16,Dries Mertens,dries-mertens,Galatasaray,
0.24,1.02,58.33,2.09,0.83,0.19,27.49,81.65,1.36,0.97,2.77,0.88,0.24,2.87,0.54,46.05,0.97,João Novais,joao-novais,Alanyaspor,
0.23,0.35,33.33,1.64,0.47,0.47,25.01,88.07,1.05,0.12,0.47,1.99,0.47,4.56,0.82,45.1,2.22,Mehdi Abeid,mehdi-abeid,Başakşehir FK,
0.23,0.93,48.48,1.23,0.41,0.29,14.13,68.17,1.34,0.12,0.47,1.23,0.7,3.68,1.46,41.12,1.52,Benhur Keser,benhur-keser,Çaykur Rizespor,
0.23,0.23,50.0,0.69,0.23,0.23,44.77,84.78,1.84,0.92,3.67,1.38,1.84,3.44,0.46,44.74,2.07,Tayfun Aydoğan,tayfun-aydogan,Adana Demirspor,
0.22,0.88,61.54,1.88,0.77,0.55,39.62,80.22,2.65,1.55,3.81,1.77,0.44,4.25,0.61,52.69,1.6,Valentin Eysseric,valentin-eysseric,Fatih Karagümrük,
0.22,1.95,60.0,1.57,0.54,0.65,27.57,75.44,2.27,0.81,1.41,1.08,0.38,4.43,0.54,44.88,1.41,Oğuz Aydın,oguz-aydin,Alanyaspor,
0.21,0.0,0.0,2.11,0.42,0.21,43.0,82.93,1.26,1.05,3.37,2.32,0.63,2.95,2.53,48.15,0.63,Soner Aydoğdu,soner-aydogdu,Yılport Samsunspor,
0.21,1.36,50.0,1.89,0.63,0.0,19.51,77.82,0.94,0.73,0.84,1.05,1.05,3.36,0.73,41.49,0.94,Abdoulay Diaby,abdoulay-diaby,Pendikspor,
0.21,0.63,50.0,1.31,0.47,0.05,30.98,80.96,1.1,0.31,1.15,1.1,0.89,3.3,1.0,47.13,1.57,Marcus Rohdén,marcus-rohden,Fatih Karagümrük,
0.2,1.02,44.68,1.42,0.54,0.2,21.08,73.47,0.88,0.78,1.37,1.17,0.83,3.9,0.49,44.78,1.71,Yusuf Erdoğan,yusuf-erdogan,Adana Demirspor,
0.19,0.77,80.0,2.87,0.77,0.38,49.6,81.96,1.91,0.38,1.91,3.26,1.15,4.21,0.38,42.11,0.19,Sérgio Oliveira,sergio-oliveira,Galatasaray,
0.19,1.59,55.56,2.22,0.89,0.19,28.86,80.5,1.65,1.02,1.4,1.46,0.32,4.83,0.19,50.0,1.78,Enis Bardhi,enis-bardhi,Trabzonspor,
0.19,1.76,52.78,1.48,0.46,0.28,24.59,82.81,1.67,1.48,1.3,1.76,0.84,5.01,0.93,45.39,1.48,Ryan Mendes,ryan-mendes,Fatih Karagümrük,
0.18,2.33,55.71,2.33,1.07,0.12,11.52,73.95,0.84,0.12,0.12,1.49,0.72,5.25,0.78,47.42,1.43,Renaldo Cephas,renaldo-cephas,MKE Ankaragücü,
0.17,1.73,48.39,1.33,0.35,0.12,25.85,76.06,2.31,1.15,0.92,1.56,1.1,4.04,0.23,43.02,0.75,Sam Larsson,sam-larsson,Antalyaspor,
0.17,1.43,53.19,2.51,1.03,0.17,17.54,75.8,1.03,0.86,0.29,0.86,0.57,3.14,0.17,40.56,0.91,Can Keleş,can-keles,Fatih Karagümrük,
0.17,0.57,76.92,1.09,0.29,0.11,34.95,78.76,1.54,0.91,4.63,2.17,0.57,4.0,1.09,54.94,1.26,Pedrinho,pedrinho,MKE Ankaragücü,
0.17,0.0,0.0,1.53,0.51,0.0,16.98,68.97,1.02,0.0,0.17,1.19,1.02,2.89,3.06,38.04,1.87,Armin Hodžić,armin-hodzic,Hatayspor,
0.17,2.11,64.94,1.18,0.46,0.08,20.52,86.5,1.26,0.17,0.13,0.93,0.13,3.62,0.76,45.81,0.59,Oluwafisayo Dele-Bashiru,dele-bashiru-oluwafisayo,Hatayspor,
0.16,1.18,55.56,1.18,0.71,0.16,23.29,77.84,1.11,0.55,1.03,1.03,0.47,2.68,0.16,41.38,0.47,Lazar Marković,lazar-markovic,Gaziantep FK,
0.16,0.47,50.0,0.94,0.16,0.16,21.83,73.16,1.1,1.1,1.1,0.94,0.94,1.88,2.2,55.32,0.47,Kingsley Schindler,kingsley-schindler,Yılport Samsunspor,
0.16,2.03,47.27,1.64,0.31,0.31,19.09,81.94,1.17,0.23,0.7,0.78,0.39,4.6,1.17,41.11,1.79,Babajide David Akintola,babajide-david-akintola,Çaykur Rizespor,
0.16,0.83,50.0,1.4,0.36,0.21,37.31,80.02,1.19,0.31,4.19,2.38,0.78,3.83,2.02,45.75,0.67,Ali Karimi,ali-karimi,Kayserispor,
0.15,1.05,50.0,1.5,0.45,0.07,26.23,84.34,0.52,0.22,1.72,1.87,1.5,5.4,1.12,55.77,2.55,Ogün Özçiçek,ogun-ozcicek,Gaziantep FK,
0.14,1.35,47.46,1.74,0.48,0.14,25.88,80.24,0.77,0.05,1.79,1.79,0.43,5.26,0.92,47.06,2.12,Dario Šarić,dario-saric,Antalyaspor,
0.14,1.04,53.66,1.9,0.52,0.52,27.63,76.88,2.8,1.9,2.18,1.19,1.0,2.9,0.09,41.45,0.66,Edin Višća,edin-visca,Trabzonspor,
0.14,0.84,85.71,1.55,0.35,0.28,42.64,86.08,1.62,1.27,3.03,1.48,0.42,2.6,0.21,45.98,0.28,Nicolas Janvier,nicolas-janvier,Alanyaspor,
0.14,1.2,57.78,1.06,0.14,0.55,20.28,73.58,1.8,0.78,0.92,2.03,0.74,4.52,0.97,48.97,1.29,Emre Kılınç,emre-kilinc,Yılport Samsunspor,
0.14,0.28,66.67,0.83,0.21,0.0,37.75,80.21,0.48,0.0,3.11,2.0,1.86,3.24,1.79,52.14,0.97,Chandrel Massanga,chandrel-massanga,Hatayspor,
0.14,0.83,57.14,2.13,0.55,0.34,47.75,82.72,2.2,1.58,3.23,2.82,0.83,4.75,1.38,49.72,1.1,Kerem Demirbay,kerem-demirbay,Galatasaray,
0.14,1.5,57.89,1.77,0.68,0.41,27.27,81.3,1.36,0.55,0.82,2.05,0.82,4.77,0.55,41.49,1.23,Roman Kvet,roman-kvet,Sivasspor,
0.14,2.5,56.06,3.11,1.22,0.61,20.0,79.14,2.5,1.76,2.64,1.22,0.47,4.66,0.14,51.82,1.01,Yusuf Sarı,yusuf-sari,Adana Demirspor,
0.13,0.4,37.5,2.24,0.26,0.4,29.03,81.18,1.19,0.79,1.19,2.24,0.4,5.15,0.53,57.33,2.51,Endri Çekiçi,endri-cekici,Pendikspor,
0.13,2.06,58.75,1.79,0.7,0.09,24.14,77.97,1.09,0.17,1.22,1.97,1.31,6.43,1.14,50.73,2.45,Ibrahim Olawoyin,ibrahim-olawoyin,Çaykur Rizespor,
0.13,1.04,33.33,2.2,0.91,0.13,22.69,81.78,1.69,0.39,0.65,0.91,0.0,3.5,0.52,41.33,1.56,Garry Rodrigues,garry-rodrigues,MKE Ankaragücü,
0.12,1.47,44.44,2.93,1.1,0.61,47.69,82.8,2.32,1.71,3.06,1.47,0.37,4.28,0.73,39.05,1.35,Rachid Ghezzal,rachid-ghezzal,Beşiktaş,
0.12,0.84,70.0,1.81,0.52,0.32,28.76,73.66,2.89,1.85,2.61,1.85,0.52,4.74,0.64,52.14,2.09,Haris Hajradinović,haris-hajradinovic,Kasımpaşa,
0.11,0.89,57.14,1.22,0.33,0.11,38.52,77.68,1.66,0.44,2.32,1.66,0.77,3.54,1.44,35.71,1.0,Eduart Rroca,eduart-rroca,İstanbulspor,
0.11,1.64,70.45,1.32,0.21,0.05,34.09,83.75,1.01,0.32,2.28,3.71,1.27,8.1,0.69,59.07,2.75,Gedson Fernandes,gedson-fernandes,Beşiktaş,
0.1,1.84,59.02,1.89,0.41,0.1,19.8,73.16,1.43,0.82,1.74,1.64,0.67,5.12,0.1,43.78,1.64,Olimpiu Moruțan,olimpiu-morutan,MKE Ankaragücü,
0.1,2.29,50.56,1.37,0.36,0.2,17.45,79.58,0.81,0.25,0.71,2.04,0.81,7.38,0.61,49.22,3.05,Marlos Moreno,marlos-moreno,Konyaspor,
0.1,0.91,43.9,1.31,0.3,0.25,28.82,75.63,1.26,0.66,2.37,1.36,1.41,3.28,0.81,45.0,1.06,Erdoğan Yeşilyurt,erdogan-yesilyurt,Antalyaspor,
0.1,1.35,51.92,1.4,0.6,0.45,30.22,82.23,2.49,2.09,3.14,1.3,0.55,3.94,0.35,42.79,1.35,Alexandru Maxim,alexandru-maxim,Gaziantep FK,
0.1,1.0,50.0,1.54,0.6,0.1,29.85,80.11,2.04,1.74,2.84,1.09,0.4,3.58,0.65,48.3,1.49,Deniz Türüç,deniz-turuc,Başakşehir FK,
0.1,1.02,55.26,1.5,0.48,0.1,26.81,76.84,0.92,0.77,1.84,2.47,0.53,4.84,0.39,45.19,1.35,Florian Loshaj,florian-loshaj,İstanbulspor,
0.1,1.63,68.0,1.54,0.58,0.29,24.71,77.88,1.83,0.96,0.77,0.58,0.29,4.04,1.15,54.0,1.92,Serdar Gürler,serdar-gurler,Başakşehir FK,
0.09,1.82,50.0,1.73,0.61,0.23,19.59,76.32,1.22,0.7,0.65,2.24,0.61,5.05,0.7,46.07,0.98,Halil Akbunar,halil-akbunar,Pendikspor,
0.09,1.93,47.73,1.29,0.74,0.37,14.8,77.4,2.11,1.29,0.55,1.56,0.37,4.96,0.28,51.82,1.47,Modou Barrow,modou-barrow,Sivasspor,
0.09,0.54,60.0,1.09,0.36,0.0,39.28,85.4,0.54,0.0,1.63,2.09,0.54,3.99,2.18,56.67,1.36,Leroy Fer,leroy-fer,Alanyaspor,
0.09,0.95,45.83,2.43,1.13,0.17,20.05,73.8,0.78,0.35,0.78,2.26,0.69,4.17,1.74,47.22,0.95,Sander van de Streek,sander-van-de-streek,Antalyaspor,
0.09,0.13,42.86,1.73,0.61,0.04,27.93,76.72,0.43,0.04,1.95,1.56,1.77,2.98,2.25,64.36,1.43,Gökhan Gül,gokhan-gul,Kasımpaşa,
0.09,1.03,57.14,1.2,0.34,0.0,25.59,76.61,1.03,0.0,1.63,1.72,0.69,3.52,0.94,45.61,0.86,Taylan Antalyalı,taylan-antalyali,Yılport Samsunspor,
0.08,1.41,70.83,1.49,0.5,0.17,24.82,76.73,1.41,0.83,2.65,0.91,0.5,3.64,0.99,46.67,1.32,Olivier Kemen,olivier-kemen,Başakşehir FK,
0.08,0.65,40.0,0.81,0.32,0.16,19.42,75.95,1.13,0.57,0.16,1.78,0.65,4.13,1.54,46.05,1.78,Iron Gomis,iron-gomis,Kasımpaşa,
0.08,1.29,57.14,1.69,0.48,0.48,18.53,73.95,1.61,1.05,0.64,1.61,0.4,4.51,0.89,42.68,1.61,Max Gradel,max-gradel,Gaziantep FK,
0.08,1.33,43.59,1.65,0.39,0.24,21.4,78.45,1.96,1.8,1.41,3.45,0.39,6.43,0.78,50.83,1.65,Gustavo Sauer,gustavo-sauer,Çaykur Rizespor,
0.07,0.43,66.67,1.15,0.14,0.0,37.36,81.96,0.43,0.0,3.25,2.24,1.8,3.1,1.08,45.31,0.58,Youssef Aït Bennasser,youssef-ait-bennasser,Yılport Samsunspor,
0.07,0.14,40.0,0.57,0.29,0.0,54.19,88.0,0.72,0.0,3.01,1.0,0.57,1.44,3.73,63.72,0.36,Steven​ N'Zonzi,steven-nzonzi,Konyaspor,
0.07,0.79,64.71,1.07,0.29,0.29,48.43,86.13,1.14,0.64,5.15,1.43,1.07,3.08,0.79,45.38,0.86,Görkem Sağlam,gorkem-saglam,Hatayspor,
0.07,0.14,50.0,0.21,0.14,0.0,36.63,84.82,0.5,0.0,1.71,2.0,1.57,2.78,1.21,40.29,0.64,Modestas Vorobjovas,modestas-vorobjovas,İstanbulspor,
0.07,0.61,60.0,1.02,0.2,0.14,25.86,80.13,0.96,0.55,1.5,1.98,0.96,3.14,0.75,52.29,0.68,Gökcan Kaya,gokcan-kaya,Pendikspor,
0.07,1.34,66.67,1.01,0.2,0.2,35.87,79.94,1.07,0.4,3.16,2.28,0.67,4.9,0.94,50.58,1.28,Salih Uçan,salih-ucan,Beşiktaş,
0.07,1.06,33.33,1.73,0.4,0.13,14.08,68.83,1.39,1.0,0.66,0.46,0.27,2.99,0.46,35.37,1.46,Valon Ethemi,valon-ethemi,Konyaspor,
0.07,1.17,72.0,1.04,0.26,0.13,25.84,81.31,0.52,0.13,2.68,2.02,1.17,3.52,0.85,42.68,0.33,Ali Kaan Güneren,ali-kaan-guneren,MKE Ankaragücü,
0.06,0.91,58.33,0.58,0.19,0.0,30.17,75.16,0.65,0.06,3.76,1.75,0.97,3.95,0.97,53.52,1.29,Benjamin Stambouli,benjamin-stambouli,Adana Demirspor,
0.06,0.62,58.82,0.99,0.5,0.06,20.86,68.02,0.93,0.06,1.49,2.86,1.3,5.34,0.81,46.7,1.86,Furkan Soyalp,furkan-soyalp,Gaziantep FK,
0.06,0.8,68.42,0.62,0.19,0.06,44.41,84.69,0.62,0.06,4.32,2.59,1.42,4.88,1.48,58.52,1.48,Berat Ayberk Özdemir,berat-ayberk-ozdemir,Trabzonspor,
0.06,0.18,60.0,0.77,0.12,0.0,26.45,79.89,0.29,0.06,1.47,1.35,1.53,2.41,1.77,58.68,0.94,Marko Jevtović,marko-jevtovic,Gaziantep FK,
0.05,1.25,46.0,2.18,0.54,0.71,22.53,78.41,2.34,1.8,1.03,1.25,0.44,3.75,1.31,44.93,1.25,Miguel Cardoso,miguel-cardoso,Kayserispor,
0.05,1.12,77.78,0.74,0.05,0.05,32.5,84.63,0.21,0.0,1.38,1.97,0.64,4.57,1.17,55.38,1.6,Batista Mendy,batista-mendy,Trabzonspor,
0.05,2.1,48.19,1.79,0.74,0.42,16.07,73.21,1.63,0.53,1.31,0.89,0.42,3.78,0.68,49.71,0.79,Altin Zeqiri,zeqiri-altin,Çaykur Rizespor,
0.05,0.58,55.0,2.15,0.58,0.16,24.55,78.43,1.2,0.89,1.26,0.94,0.63,2.36,0.79,41.1,0.84,Alexandru Cicâldău,alexandru-cicaldau,Konyaspor,
0.05,0.68,56.52,1.67,0.42,0.16,38.13,82.81,0.78,0.16,2.29,2.66,0.63,4.95,1.3,58.54,1.61,Muammer Sarıkaya,muammer-sarikaya,Çaykur Rizespor,
0.05,1.09,41.18,1.46,0.26,0.31,27.35,81.55,1.51,0.42,0.94,1.09,0.57,2.96,0.31,41.18,0.78,Alassane Ndao,ndao-alassane,Konyaspor,
0.05,0.61,63.16,1.77,0.5,0.2,47.93,79.63,1.66,1.26,9.08,1.11,0.45,2.27,0.71,58.42,0.55,Jonjo Shelvey,jonjo-shelvey,Çaykur Rizespor,
0.04,0.49,68.75,0.98,0.27,0.09,41.73,88.23,0.58,0.0,1.87,2.23,2.14,3.87,2.32,61.23,1.25,Richard Cândido,richard-candido,Alanyaspor,
0.04,1.37,50.0,0.51,0.13,0.26,26.14,78.46,0.85,0.6,1.28,2.26,1.88,5.98,0.6,57.89,2.35,Mustafa Eskihellaç,mustafa-eskihellac,Gaziantep FK,
0.0,0.81,37.93,2.0,0.44,0.44,46.15,83.76,1.63,0.37,2.66,1.92,1.18,4.36,0.15,44.53,1.77,Fred,fred,Fenerbahçe,
0.0,0.27,50.0,1.05,0.09,0.14,57.23,88.92,0.82,0.09,4.02,2.38,1.33,4.53,0.96,52.63,1.97,Lucas Torreira,lucas-torreira,Galatasaray,
0.0,1.26,76.47,1.22,0.19,0.1,51.47,85.46,1.22,0.19,2.68,2.82,1.9,5.3,2.19,54.61,1.22,İsmail Yüksek,ismail-yuksek,Fenerbahçe,
0.0,1.62,54.05,2.27,0.81,0.49,28.73,80.82,3.08,2.19,2.27,1.06,0.57,4.63,0.41,44.93,1.95,Ramzi Safuri,ramzi-safuri,Antalyaspor,
0.0,0.54,66.67,0.2,0.07,0.4,55.64,87.17,1.48,1.21,4.56,1.28,0.94,2.89,1.21,53.98,1.07,Amir Hadžiahmetović,amir-hadziahmetovic,Beşiktaş,
0.0,1.73,92.86,1.06,0.0,0.0,37.36,89.49,0.8,0.0,1.86,2.92,1.06,7.71,0.4,68.54,3.06,Badou Ndiaye,badou-ndiaye,Pendikspor,
0.0,1.46,58.33,1.94,0.76,0.28,21.37,74.76,1.6,0.9,2.36,1.11,0.21,5.34,0.56,50.6,2.85,Emrah Başsan,emrah-bassan,Sivasspor,
0.0,0.79,55.56,0.63,0.16,0.0,41.04,83.82,0.79,0.16,2.54,3.01,3.33,6.18,1.27,55.29,2.38,Miguel Crespo,miguel-crespo,Fenerbahçe,
0.0,1.11,43.33,0.6,0.0,0.17,29.06,83.91,1.63,0.6,0.26,2.14,0.77,4.11,1.11,47.29,0.94,Abdülkadir Ömür,abdulkadir-omur,Trabzonspor,
0.0,1.24,68.0,0.44,0.22,0.22,34.97,85.89,1.09,0.15,2.33,2.18,0.51,4.07,0.36,55.45,0.65,Arnaud Lusamba,arnaud-lusamba,Pendikspor,
0.0,0.61,68.75,0.61,0.06,0.06,47.91,83.4,0.94,0.67,4.38,2.05,1.94,3.38,0.28,46.15,0.72,Kartal Kayra Yılmaz,kartal-kayra-yilmaz,Kayserispor,
0.0,1.77,58.33,2.78,1.77,0.25,18.71,64.91,2.02,1.26,2.02,4.8,1.77,9.1,2.02,54.32,2.78,Muhammed Gümüşkaya,muhammed-gumuskaya,Yılport Samsunspor,
0.0,0.92,56.67,0.65,0.16,0.0,29.71,82.16,1.03,0.33,2.33,2.87,0.22,6.34,0.49,61.46,2.6,Charis Charisis,charis-charisis,Sivasspor,
0.0,0.78,50.0,0.63,0.0,0.0,23.35,73.39,0.42,0.14,1.62,3.46,1.06,5.92,1.97,66.67,1.76,Mehmet Aydın,mehmet-aydin,Trabzonspor,
0.0,0.28,66.67,0.85,0.07,0.14,53.4,86.01,0.78,0.43,3.99,1.28,0.71,2.99,1.28,49.59,1.42,Jakub Kałuziński,jakub-kaluzinski,,Antalyaspor
0.0,0.65,32.26,0.78,0.26,0.0,31.8,82.05,1.5,0.39,2.28,1.43,0.65,4.55,0.52,49.06,2.47,Flavien Tait,flavien-tait,,Yılport Samsunspor
0.0,1.16,42.5,1.57,0.21,0.14,18.12,75.5,2.12,1.37,1.03,0.96,0.27,2.87,0.34,41.59,0.82,Zymer Bytyqi,zymer-bytyqi,,Antalyaspor
0.0,1.3,54.55,1.08,0.22,0.0,36.19,88.86,0.86,0.11,1.3,2.38,0.97,6.16,0.54,54.87,2.48,Édouard Michut,edouard-michut,,Adana Demirspor
0.0,0.96,65.0,0.59,0.07,0.07,48.59,86.32,1.26,0.59,4.59,1.48,1.11,3.11,0.52,49.49,0.67,Sofiane Feghouli,sofiane-feghouli,,Fatih Karagümrük
0.0,1.89,53.85,2.98,1.17,0.36,32.46,80.9,2.16,0.45,0.99,0.72,0.45,4.06,0.72,41.41,1.53,Tetê,tete,,Galatasaray
0.0,0.68,66.67,0.27,0.14,0.07,32.12,86.18,0.41,0.0,3.52,2.98,2.1,4.61,1.36,48.35,0.95,Yunus Konak,yunus-konak,,Sivasspor
0.0,1.13,78.95,0.76,0.15,0.0,24.99,79.57,0.68,0.0,1.51,3.17,2.04,6.34,1.36,54.84,2.04,Erdal Rakip,erdal-rakip,,Antalyaspor
0.0,0.13,25.0,1.12,0.4,0.0,38.81,86.36,0.59,0.2,2.24,1.25,1.45,2.44,2.44,50.0,1.05,Bakhtiyar Zaynutdinov,bakhtiyar-zaynutdinov,,Beşiktaş
0.0,0.82,100.0,1.15,0.33,0.0,28.58,82.46,0.33,0.0,2.79,3.45,1.48,5.26,1.97,57.14,0.99,Hakan Arslan,hakan-arslan,,Sivasspor
0.0,1.7,53.19,0.75,0.2,0.2,33.65,79.2,1.5,0.68,2.04,1.36,0.61,4.28,0.48,40.46,1.22,Fredrik Midtsjø,fredrik-midtsjo,,Pendikspor
0.0,2.16,51.16,1.18,0.69,0.3,23.31,76.7,1.18,0.69,0.69,3.25,0.69,6.79,0.2,48.97,1.38,Ömer Faruk Beyaz,omer-faruk-beyaz,,Hatayspor
0.0,4.66,70.0,2.22,0.89,0.11,25.16,88.67,0.67,0.22,2.22,0.89,0.55,6.76,0.33,59.81,1.22,Anastasios Chatzigiovanis,anastasios-chatzigiovanis,,MKE Ankaragücü
0.0,0.72,52.94,0.72,0.0,0.08,39.13,86.57,0.64,0.0,3.51,1.92,0.8,3.67,0.72,48.25,1.04,İbrahim Akdağ,ibrahim-akdag,,Sivasspor
0.0,0.19,50.0,0.75,0.0,0.0,41.7,87.7,0.38,0.19,2.45,2.83,2.08,3.58,1.7,57.14,0.57,Onur Ergün,onur-ergun,,Başakşehir FK
0.0,0.82,41.67,0.82,0.33,0.0,56.29,91.49,1.47,0.0,1.96,2.62,1.47,4.25,3.11,50.56,0.82,Demir Ege Tıknaz,demir-ege-tiknaz,,Beşiktaş
0.0,0.37,39.13,1.2,0.29,0.0,31.71,82.1,0.17,0.0,2.48,1.32,1.16,3.27,0.66,52.49,1.61,Soner Dikmen,soner-dikmen,,Konyaspor
0.0,0.69,62.5,0.6,0.14,0.09,37.4,90.22,0.6,0.09,1.01,1.15,0.78,2.67,0.51,47.92,0.83,Berkay Özcan,berkay-ozcan,,Başakşehir FK
0.0,0.48,66.67,1.44,0.0,0.12,28.48,82.64,1.44,0.48,1.2,0.96,0.84,1.91,1.08,40.98,0.48,Danijel Aleksić,danijel-aleksic,,Başakşehir FK
0.0,0.96,41.67,1.35,0.19,0.0,44.71,89.23,1.54,0.0,0.19,2.51,1.54,6.17,1.73,55.41,2.7,Tanguy Ndombélé,tanguy-ndombele,,Galatasaray
0.0,0.85,50.0,0.85,0.0,0.0,31.0,85.83,0.85,0.0,1.14,1.71,1.28,3.7,1.28,47.3,1.14,Andrej Đokanović,andrej-dokanovic,,MKE Ankaragücü
0.0,0.41,50.0,0.41,0.14,0.0,55.44,88.91,1.22,0.0,2.03,1.22,0.95,2.58,1.36,43.94,0.95,Otabek Shukurov,otabek-shukurov,,Kayserispor
0.0,0.81,34.38,0.95,0.51,0.29,29.29,77.33,1.1,0.95,1.54,1.17,0.59,3.3,0.51,41.94,1.39,Ramazan Civelek,ramazan-civelek,,Kayserispor
0.0,1.0,90.0,0.22,0.0,0.11,36.75,87.6,0.22,0.0,2.21,2.32,0.89,3.99,0.77,45.74,0.77,Yaw Ackah,yaw-ackah,,Kayserispor
0.0,1.01,100.0,0.0,0.0,0.5,43.74,82.86,1.51,0.0,1.51,2.01,4.53,6.54,1.51,50.0,3.52,Cem Türkmen,cem-turkmen,,MKE Ankaragücü
0.0,0.51,60.0,0.0,0.0,0.0,24.62,79.23,0.34,0.0,1.53,2.55,1.7,3.74,1.53,60.78,0.85,Dorukhan Toköz,dorukhan-tokoz,,Adana Demirspor
0.0,0.78,50.0,0.97,0.58,0.19,33.31,81.04,1.17,0.19,2.34,0.39,1.36,2.53,0.97,43.9,1.36,Flavio Paoletti,paoletti-flavio,,Fatih Karagümrük
0.0,0.0,0.0,1.05,0.26,0.0,29.94,78.49,0.61,0.26,1.92,1.92,1.4,4.45,1.83,53.73,2.62,Oğulcan Ülgün,ogulcan-ulgun,,Konyaspor
0.0,0.36,41.67,0.64,0.21,0.07,35.66,81.17,0.64,0.07,2.0,1.43,0.93,2.92,0.86,46.09,1.14,Giorgi Aburjania,giorgi-aburjania,,Hatayspor
0.0,1.27,41.67,1.27,0.25,0.25,21.86,75.44,1.27,0.25,0.51,0.51,0.76,3.05,1.02,42.11,1.27,Arbër Zeneli,arber-zeneli,,Adana Demirspor
0.0,1.07,52.63,0.53,0.21,0.21,22.29,78.87,1.07,0.32,1.07,1.81,0.85,4.48,0.75,38.89,1.6,Emirhan İlkhan,emirhan-ilkhan,,Başakşehir FK
0.0,0.56,60.0,1.31,0.0,0.0,29.75,82.38,0.37,0.37,1.5,2.99,1.87,5.24,1.12,61.82,1.87,Osman Çelik,osman-celik,,Yılport Samsunspor
0.0,0.52,50.0,1.3,1.04,0.0,20.23,78.79,1.56,1.56,0.52,1.82,0.0,3.89,1.04,46.34,1.56,Yunus Malli,yunus-malli,,Konyaspor
0.0,0.53,75.0,0.88,0.18,0.0,32.29,82.81,0.0,0.0,1.76,1.94,1.76,3.18,1.24,58.14,0.71,Eden Karzev,eden-karzev,,Başakşehir FK
0.0,0.8,71.43,0.8,0.16,0.16,29.57,79.4,0.64,0.16,1.76,2.08,0.8,4.0,0.48,48.28,1.12,Vefa Temel,temel-vefa,,İstanbulspor
0.0,1.79,66.67,0.78,0.18,0.06,31.41,79.7,0.72,0.12,1.97,2.87,1.13,6.33,0.78,46.67,1.67,Mithat Pala,mithat-pala,,Çaykur Rizespor
0.0,1.04,71.43,0.21,0.21,0.0,26.88,90.21,1.04,0.0,2.08,1.88,1.25,3.96,1.25,48.08,1.04,Janio Bikel,janio-bikel,,Gaziantep FK
0.0,1.04,50.0,2.37,0.59,0.0,32.92,80.73,0.74,0.15,0.59,2.22,0.74,4.15,2.08,46.67,0.89,Tayfur Bingöl,tayfur-bingol,,Beşiktaş
0.0,4.29,60.0,3.81,0.0,0.0,15.71,66.0,0.0,0.0,0.48,2.86,0.95,8.1,0.95,40.43,0.95,Erdem Çetinkaya,erdem-cetinkaya,,Kasımpaşa
0.0,0.47,40.0,0.95,0.47,0.0,37.89,83.33,0.71,0.0,0.95,2.84,0.95,4.97,0.24,53.66,1.66,Abdulkadir Parmak,abdulkadir-parmak,,Hatayspor
0.0,0.25,42.86,0.5,0.17,0.08,36.3,85.94,0.5,0.08,1.84,1.17,0.67,2.17,0.5,41.56,0.75,Josip Vuković,josip-vukovic,,Pendikspor
0.0,0.0,0.0,2.09,1.05,0.0,46.05,72.13,4.19,1.05,1.05,0.0,1.05,1.05,3.14,40.0,1.05,Selim Dilli,selim-dilli,,Kasımpaşa
0.0,0.6,60.0,0.6,0.4,0.0,18.64,82.3,0.8,0.2,0.8,1.2,0.0,2.81,0.2,34.09,1.0,Adnan Ugur,adnan-ugur,,Fatih Karagümrük
0.0,0.49,50.0,0.25,0.0,0.0,32.95,85.35,0.49,0.0,1.72,1.48,0.74,2.7,0.25,35.29,0.74,Ufuk Akyol,ufuk-akyol,,Antalyaspor
0.0,0.0,0.0,0.95,0.0,0.0,28.89,85.92,0.47,0.47,1.42,3.32,0.0,4.26,0.0,34.62,0.95,Umut Güneş,umut-gunes,,Trabzonspor
